what,kind,bundleId,bundleVersion,description,time
stopped,bundle,org.eclipse.linuxtools.cdt.autotools.core,1.0.2.201108301805,"org.eclipse.linuxtools.cdt.autotools.core",1318186224644
stopped,bundle,de.innot.avreclipse.core,2.3.4.20100807PRD,"de.innot.avreclipse.core",1318186224644
stopped,bundle,org.eclipse.cdt.managedbuilder.ui,8.0.0.201109151620,"org.eclipse.cdt.managedbuilder.ui",1318186224644
stopped,bundle,org.eclipse.cdt.make.ui,7.1.1.201109151620,"org.eclipse.cdt.make.ui",1318186224644
stopped,bundle,org.eclipse.cdt.managedbuilder.gnu.ui,8.0.1.201109151620,"org.eclipse.cdt.managedbuilder.gnu.ui",1318186224644
stopped,bundle,org.eclipse.cdt.msw.build,1.0.0.201109151620,"org.eclipse.cdt.msw.build",1318186224644
stopped,bundle,org.eclipse.cdt.managedbuilder.core,8.0.1.201109151620,"org.eclipse.cdt.managedbuilder.core",1318186224644
stopped,bundle,org.eclipse.cdt.make.core,7.1.1.201109151620,"org.eclipse.cdt.make.core",1318186224644
stopped,bundle,org.eclipse.cdt.mylyn.ui,3.6.0.v20110608-1400,"org.eclipse.cdt.mylyn.ui",1318186224644
stopped,bundle,org.eclipse.cdt.codan.ui,2.0.0.201109151620,"org.eclipse.cdt.codan.ui",1318186224644
stopped,bundle,org.eclipse.cdt.ui,5.3.1.201109151620,"org.eclipse.cdt.ui",1318186224644
stopped,bundle,org.eclipse.cdt.core,5.3.1.201109151620,"org.eclipse.cdt.core",1318186224644
stopped,bundle,org.eclipse.compare.win32,1.0.200.I20110510-0800,"org.eclipse.compare.win32",1318186224644
stopped,bundle,org.eclipse.egit.ui,1.1.0.201109151100-r,"org.eclipse.egit.ui",1318186224644
stopped,bundle,org.eclipse.equinox.p2.ui.sdk,1.0.200.v20110502-1955,"org.eclipse.equinox.p2.ui.sdk",1318186224644
stopped,bundle,org.eclipse.rse.importexport,1.2.200.v201105021534,"org.eclipse.rse.importexport",1318186224659
stopped,bundle,org.eclipse.rse.subsystems.shells.telnet,1.2.200.v201101042155,"org.eclipse.rse.subsystems.shells.telnet",1318186224659
stopped,bundle,org.eclipse.rse.shells.ui,3.0.301.R33x_v201107181530,"org.eclipse.rse.shells.ui",1318186224659
stopped,bundle,org.eclipse.rse.files.ui,3.2.1.R33x_v201109141647,"org.eclipse.rse.files.ui",1318186224659
activated,perspective,org.eclipse.cdt.ui,,"org.eclipse.cdt.ui.CPerspective",1318186273985
started,bundle,org.eclipse.osgi,3.6.2.R36x_v20110210,"org.eclipse.osgi",1318186273985
started,bundle,org.eclipse.equinox.simpleconfigurator,1.0.200.v20100503,"org.eclipse.equinox.simpleconfigurator",1318186273985
started,bundle,com.ibm.icu,4.2.1.v20100412,"com.ibm.icu",1318186273985
started,bundle,org.eclipse.cdt.core,5.2.1.201102110609,"org.eclipse.cdt.core",1318186273985
started,bundle,org.eclipse.cdt.make.core,7.0.1.201102110609,"org.eclipse.cdt.make.core",1318186273985
started,bundle,org.eclipse.cdt.make.ui,7.0.0.201102110609,"org.eclipse.cdt.make.ui",1318186273985
started,bundle,org.eclipse.cdt.managedbuilder.core,7.0.2.201102110609,"org.eclipse.cdt.managedbuilder.core",1318186274001
started,bundle,org.eclipse.cdt.ui,5.2.2.201102110609,"org.eclipse.cdt.ui",1318186274001
started,bundle,org.eclipse.compare.core,3.5.101.R36x_v20100929-0800,"org.eclipse.compare.core",1318186274001
started,bundle,org.eclipse.core.contenttype,3.4.100.v20100505-1235,"org.eclipse.core.contenttype",1318186274001
started,bundle,org.eclipse.core.databinding.observable,1.3.0.I20100601-0800,"org.eclipse.core.databinding.observable",1318186274001
started,bundle,org.eclipse.core.expressions,3.4.200.v20100505,"org.eclipse.core.expressions",1318186274001
started,bundle,org.eclipse.core.filebuffers,3.5.100.v20100520-0800,"org.eclipse.core.filebuffers",1318186274001
started,bundle,org.eclipse.core.filesystem,1.3.1.R36x_v20100727-0745,"org.eclipse.core.filesystem",1318186274001
started,bundle,org.eclipse.core.jobs,3.5.1.R36x_v20100824,"org.eclipse.core.jobs",1318186274001
started,bundle,org.eclipse.core.net,1.2.100.I20100511-0800,"org.eclipse.core.net",1318186274001
started,bundle,org.eclipse.core.resources,3.6.1.R36x_v20110131-1630,"org.eclipse.core.resources",1318186274001
started,bundle,org.eclipse.core.runtime,3.6.0.v20100505,"org.eclipse.core.runtime",1318186274001
started,bundle,org.eclipse.core.runtime.compatibility,3.2.100.v20100505,"org.eclipse.core.runtime.compatibility",1318186274001
started,bundle,org.eclipse.core.runtime.compatibility.auth,3.2.200.v20100517,"org.eclipse.core.runtime.compatibility.auth",1318186274001
started,bundle,org.eclipse.core.variables,3.2.400.v20100505,"org.eclipse.core.variables",1318186274001
started,bundle,org.eclipse.debug.core,3.6.0.v20100519,"org.eclipse.debug.core",1318186274001
started,bundle,org.eclipse.epp.usagedata.gathering,1.3.1.R201102081640,"org.eclipse.epp.usagedata.gathering",1318186274001
started,bundle,org.eclipse.epp.usagedata.recording,1.3.1.R201102081640,"org.eclipse.epp.usagedata.recording",1318186274001
started,bundle,org.eclipse.equinox.app,1.3.1.R36x_v20100803,"org.eclipse.equinox.app",1318186274001
started,bundle,org.eclipse.equinox.common,3.6.0.v20100503,"org.eclipse.equinox.common",1318186274001
started,bundle,org.eclipse.equinox.ds,1.2.1.R36x_v20100803,"org.eclipse.equinox.ds",1318186274001
started,bundle,org.eclipse.equinox.event,1.2.0.v20100503,"org.eclipse.equinox.event",1318186274001
started,bundle,org.eclipse.equinox.p2.core,2.0.3.R36x_v20110111,"org.eclipse.equinox.p2.core",1318186274016
started,bundle,org.eclipse.equinox.p2.directorywatcher,1.0.203.R36x_v20101220,"org.eclipse.equinox.p2.directorywatcher",1318186274016
started,bundle,org.eclipse.equinox.p2.engine,2.0.1.R36x_v20110201,"org.eclipse.equinox.p2.engine",1318186274016
started,bundle,org.eclipse.equinox.p2.metadata,2.0.1.R36x_v20101202,"org.eclipse.equinox.p2.metadata",1318186274016
started,bundle,org.eclipse.equinox.p2.metadata.repository,1.1.0.v20100513,"org.eclipse.equinox.p2.metadata.repository",1318186274016
started,bundle,org.eclipse.equinox.p2.operations,2.0.0.v20100510,"org.eclipse.equinox.p2.operations",1318186274016
started,bundle,org.eclipse.equinox.p2.reconciler.dropins,1.1.2.R36x_v20110114,"org.eclipse.equinox.p2.reconciler.dropins",1318186274016
started,bundle,org.eclipse.equinox.p2.repository,2.0.2.R36x_v20110111-1500,"org.eclipse.equinox.p2.repository",1318186274016
started,bundle,org.eclipse.equinox.p2.ui.sdk.scheduler,1.0.0.v20100507-1815,"org.eclipse.equinox.p2.ui.sdk.scheduler",1318186274016
started,bundle,org.eclipse.equinox.p2.updatechecker,1.1.101.R36x_v20100823,"org.eclipse.equinox.p2.updatechecker",1318186274016
started,bundle,org.eclipse.equinox.preferences,3.3.0.v20100503,"org.eclipse.equinox.preferences",1318186274016
started,bundle,org.eclipse.equinox.registry,3.5.0.v20100503,"org.eclipse.equinox.registry",1318186274016
started,bundle,org.eclipse.equinox.security,1.0.200.v20100503,"org.eclipse.equinox.security",1318186274016
started,bundle,org.eclipse.equinox.util,1.0.200.v20100503,"org.eclipse.equinox.util",1318186274016
started,bundle,org.eclipse.help,3.5.0.v20100524,"org.eclipse.help",1318186274016
started,bundle,org.eclipse.jface,3.6.2.M20110210-1200,"org.eclipse.jface",1318186274016
started,bundle,org.eclipse.jsch.core,1.1.200.I20100505-1245,"org.eclipse.jsch.core",1318186274016
started,bundle,org.eclipse.ltk.core.refactoring,3.5.101.r362_v20101117-0800,"org.eclipse.ltk.core.refactoring",1318186274016
started,bundle,org.eclipse.ltk.ui.refactoring,3.5.0.v20100526-0800,"org.eclipse.ltk.ui.refactoring",1318186274016
started,bundle,org.eclipse.mylyn.bugzilla.core,3.4.2.v20100902-0100-e3x,"org.eclipse.mylyn.bugzilla.core",1318186274032
started,bundle,org.eclipse.mylyn.bugzilla.ui,3.4.3.v20110131-0100-e3x,"org.eclipse.mylyn.bugzilla.ui",1318186274032
started,bundle,org.eclipse.mylyn.commons.net,3.4.1.v20100625-2100-e3x,"org.eclipse.mylyn.commons.net",1318186274032
started,bundle,org.eclipse.mylyn.commons.ui,3.4.0.v20100608-0100-e3x,"org.eclipse.mylyn.commons.ui",1318186274032
started,bundle,org.eclipse.mylyn.context.core,3.4.1.v20100909-0100-e3x,"org.eclipse.mylyn.context.core",1318186274032
started,bundle,org.eclipse.mylyn.context.ui,3.4.2.v20110131-0100-e3x,"org.eclipse.mylyn.context.ui",1318186274032
started,bundle,org.eclipse.mylyn.monitor.ui,3.4.1.v20110131-0100-e3x,"org.eclipse.mylyn.monitor.ui",1318186274032
started,bundle,org.eclipse.mylyn.tasks.ui,3.4.3.v20110131-0100-e3x,"org.eclipse.mylyn.tasks.ui",1318186274032
started,bundle,org.eclipse.mylyn.team.ui,3.4.3.v20110131-0100-e3x,"org.eclipse.mylyn.team.ui",1318186274032
started,bundle,org.eclipse.search,3.6.0.v20100520-0800,"org.eclipse.search",1318186274032
started,bundle,org.eclipse.team.core,3.5.101.R36x_v20110203-1036,"org.eclipse.team.core",1318186274032
started,bundle,org.eclipse.team.cvs.core,3.3.301.R36x_v20110119-0815,"org.eclipse.team.cvs.core",1318186274032
started,bundle,org.eclipse.team.cvs.ui,3.3.302.R36x_v20110203-1036,"org.eclipse.team.cvs.ui",1318186274032
started,bundle,org.eclipse.team.ui,3.5.102.R36x_v20110203-1036,"org.eclipse.team.ui",1318186274032
started,bundle,org.eclipse.ui,3.6.2.M20110203-1100,"org.eclipse.ui",1318186274032
started,bundle,org.eclipse.ui.console,3.5.0.v20100526,"org.eclipse.ui.console",1318186274032
started,bundle,org.eclipse.ui.editors,3.6.1.r361_v20100825-0800,"org.eclipse.ui.editors",1318186274032
started,bundle,org.eclipse.ui.forms,3.5.2.r36_v20100702,"org.eclipse.ui.forms",1318186274032
started,bundle,org.eclipse.ui.ide,3.6.2.M20101201-0800,"org.eclipse.ui.ide",1318186274047
started,bundle,org.eclipse.ui.navigator,3.5.0.I20100601-0800,"org.eclipse.ui.navigator",1318186274047
started,bundle,org.eclipse.ui.navigator.resources,3.4.202.M20101124-0800,"org.eclipse.ui.navigator.resources",1318186274047
started,bundle,org.eclipse.ui.net,1.2.100.I20100505-1245,"org.eclipse.ui.net",1318186274047
started,bundle,org.eclipse.ui.views,3.5.1.M20110202-0800,"org.eclipse.ui.views",1318186274047
started,bundle,org.eclipse.ui.workbench,3.6.2.M20110210-1200,"org.eclipse.ui.workbench",1318186274047
started,bundle,org.eclipse.ui.workbench.texteditor,3.6.1.r361_v20100714-0800,"org.eclipse.ui.workbench.texteditor",1318186274047
started,bundle,org.eclipse.update.configurator,3.3.100.v20100512,"org.eclipse.update.configurator",1318186274047
started,bundle,org.eclipse.update.core,3.2.402.R36x_v20100629,"org.eclipse.update.core",1318186274047
started,bundle,org.eclipse.update.scheduler,3.2.300.v20100512,"org.eclipse.update.scheduler",1318186274047
started,bundle,de.innot.avreclipse.core,2.3.4.20100807PRD,"de.innot.avreclipse.core",1318186274047
os,sysinfo,,,"win32",1318186274047
arch,sysinfo,,,"x86_64",1318186274047
ws,sysinfo,,,"win32",1318186274047
locale,sysinfo,,,"en_US",1318186274047
processors,sysinfo,,,"4",1318186274047
java.runtime.name,sysinfo,,,"Java(TM) SE Runtime Environment",1318186274047
java.runtime.version,sysinfo,,,"1.6.0_24-b07",1318186274047
java.specification.name,sysinfo,,,"Java Platform API Specification",1318186274047
java.specification.vendor,sysinfo,,,"Sun Microsystems Inc.",1318186274047
java.specification.version,sysinfo,,,"1.6",1318186274047
java.vendor,sysinfo,,,"Sun Microsystems Inc.",1318186274047
java.version,sysinfo,,,"1.6.0_24",1318186274047
java.vm.info,sysinfo,,,"mixed mode",1318186274047
java.vm.name,sysinfo,,,"Java HotSpot(TM) 64-Bit Server VM",1318186274047
java.vm.specification.name,sysinfo,,,"Java Virtual Machine Specification",1318186274047
java.vm.specification.vendor,sysinfo,,,"Sun Microsystems Inc.",1318186274047
java.vm.specification.version,sysinfo,,,"1.0",1318186274047
java.vm.vendor,sysinfo,,,"Sun Microsystems Inc.",1318186274047
java.vm.version,sysinfo,,,"19.1-b02",1318186274047
deactivated,workbench,org.eclipse.ui.workbench,3.6.2.M20110210-1200,"",1318186275639
activated,workbench,org.eclipse.ui.workbench,3.6.2.M20110210-1200,"",1318186278244
deactivated,workbench,org.eclipse.ui.workbench,3.6.2.M20110210-1200,"",1318186468861
activated,workbench,org.eclipse.ui.workbench,3.6.2.M20110210-1200,"",1318186470639
started,bundle,org.eclipse.cdt.mylyn.ui,1.1.4.v20110204-0100-e3x,"org.eclipse.cdt.mylyn.ui",1318186470748
closed,workbench,org.eclipse.ui.workbench,3.6.2.M20110210-1200,"",1318186470811
started,bundle,org.eclipse.compare,3.5.101.R36x_v20100929-0800,"org.eclipse.compare",1318186470998
stopped,bundle,org.eclipse.cdt.debug.mi.ui,6.1.0.201102110609,"org.eclipse.cdt.debug.mi.ui",1318186471076
stopped,bundle,org.eclipse.cdt.debug.mi.core,7.0.1.201102110609,"org.eclipse.cdt.debug.mi.core",1318186471076
stopped,bundle,org.eclipse.cdt.debug.ui.memory.memorybrowser,1.2.1.201102110609,"org.eclipse.cdt.debug.ui.memory.memorybrowser",1318186471076
stopped,bundle,org.eclipse.cdt.debug.ui.memory.search,1.2.0.201102110609,"org.eclipse.cdt.debug.ui.memory.search",1318186471076
stopped,bundle,org.eclipse.cdt.dsf.gdb.ui,2.1.0.201102110609,"org.eclipse.cdt.dsf.gdb.ui",1318186471076
stopped,bundle,org.eclipse.cdt.dsf.ui,2.1.2.201102110609,"org.eclipse.cdt.dsf.ui",1318186471091
stopped,bundle,org.eclipse.cdt.gdb.ui,7.0.0.201102110609,"org.eclipse.cdt.gdb.ui",1318186471091
stopped,bundle,org.eclipse.cdt.dsf.gdb,3.0.0.201102110609,"org.eclipse.cdt.dsf.gdb",1318186471091
stopped,bundle,org.eclipse.cdt.launch,6.1.0.201102110609,"org.eclipse.cdt.launch",1318186471091
stopped,bundle,org.eclipse.cdt.debug.ui,7.0.0.201102110609,"org.eclipse.cdt.debug.ui",1318186471091
stopped,bundle,org.eclipse.cdt.debug.ui.memory.traditional,1.2.0.201102110609,"org.eclipse.cdt.debug.ui.memory.traditional",1318186471091
stopped,bundle,org.eclipse.cdt.dsf,2.1.1.201102110609,"org.eclipse.cdt.dsf",1318186471091
stopped,bundle,org.eclipse.cdt.debug.core,7.0.0.201102110609,"org.eclipse.cdt.debug.core",1318186471091
stopped,bundle,de.innot.avreclipse.core,2.3.4.20100807PRD,"de.innot.avreclipse.core",1318186471091
stopped,bundle,org.eclipse.cdt.managedbuilder.ui,7.0.0.201102110609,"org.eclipse.cdt.managedbuilder.ui",1318186471091
stopped,bundle,org.eclipse.cdt.make.ui,7.0.0.201102110609,"org.eclipse.cdt.make.ui",1318186471091
stopped,bundle,org.eclipse.cdt.managedbuilder.gnu.ui,7.0.0.201102110609,"org.eclipse.cdt.managedbuilder.gnu.ui",1318186471091
stopped,bundle,org.eclipse.cdt.managedbuilder.core,7.0.2.201102110609,"org.eclipse.cdt.managedbuilder.core",1318186471091
stopped,bundle,org.eclipse.cdt.make.core,7.0.1.201102110609,"org.eclipse.cdt.make.core",1318186471091
stopped,bundle,org.eclipse.cdt.mylyn.ui,1.1.4.v20110204-0100-e3x,"org.eclipse.cdt.mylyn.ui",1318186471091
stopped,bundle,org.eclipse.cdt.ui,5.2.2.201102110609,"org.eclipse.cdt.ui",1318186471091
stopped,bundle,org.eclipse.cdt.core,5.2.1.201102110609,"org.eclipse.cdt.core",1318186471091
stopped,bundle,org.eclipse.compare.win32,1.0.101.R36x_v20101103-0618,"org.eclipse.compare.win32",1318186471107
activated,perspective,org.eclipse.cdt.ui,,"org.eclipse.cdt.ui.CPerspective",1319477792980
started,bundle,org.eclipse.osgi,3.6.2.R36x_v20110210,"org.eclipse.osgi",1319477792980
started,bundle,org.eclipse.equinox.simpleconfigurator,1.0.200.v20100503,"org.eclipse.equinox.simpleconfigurator",1319477792980
started,bundle,com.ibm.icu,4.2.1.v20100412,"com.ibm.icu",1319477792980
started,bundle,org.eclipse.cdt.core,5.2.1.201102110609,"org.eclipse.cdt.core",1319477792980
started,bundle,org.eclipse.cdt.make.core,7.0.1.201102110609,"org.eclipse.cdt.make.core",1319477792980
started,bundle,org.eclipse.cdt.make.ui,7.0.0.201102110609,"org.eclipse.cdt.make.ui",1319477792980
started,bundle,org.eclipse.cdt.managedbuilder.core,7.0.2.201102110609,"org.eclipse.cdt.managedbuilder.core",1319477792980
started,bundle,org.eclipse.cdt.ui,5.2.2.201102110609,"org.eclipse.cdt.ui",1319477792980
started,bundle,org.eclipse.compare.core,3.5.101.R36x_v20100929-0800,"org.eclipse.compare.core",1319477792980
started,bundle,org.eclipse.core.contenttype,3.4.100.v20100505-1235,"org.eclipse.core.contenttype",1319477792980
started,bundle,org.eclipse.core.databinding.observable,1.3.0.I20100601-0800,"org.eclipse.core.databinding.observable",1319477792980
started,bundle,org.eclipse.core.expressions,3.4.200.v20100505,"org.eclipse.core.expressions",1319477792980
started,bundle,org.eclipse.core.filebuffers,3.5.100.v20100520-0800,"org.eclipse.core.filebuffers",1319477792980
started,bundle,org.eclipse.core.filesystem,1.3.1.R36x_v20100727-0745,"org.eclipse.core.filesystem",1319477792980
started,bundle,org.eclipse.core.jobs,3.5.1.R36x_v20100824,"org.eclipse.core.jobs",1319477792980
started,bundle,org.eclipse.core.net,1.2.100.I20100511-0800,"org.eclipse.core.net",1319477792980
started,bundle,org.eclipse.core.resources,3.6.1.R36x_v20110131-1630,"org.eclipse.core.resources",1319477792980
started,bundle,org.eclipse.core.runtime,3.6.0.v20100505,"org.eclipse.core.runtime",1319477792980
started,bundle,org.eclipse.core.runtime.compatibility,3.2.100.v20100505,"org.eclipse.core.runtime.compatibility",1319477792980
started,bundle,org.eclipse.core.runtime.compatibility.auth,3.2.200.v20100517,"org.eclipse.core.runtime.compatibility.auth",1319477792980
started,bundle,org.eclipse.core.variables,3.2.400.v20100505,"org.eclipse.core.variables",1319477792980
started,bundle,org.eclipse.debug.core,3.6.0.v20100519,"org.eclipse.debug.core",1319477792980
started,bundle,org.eclipse.epp.usagedata.gathering,1.3.1.R201102081640,"org.eclipse.epp.usagedata.gathering",1319477792980
started,bundle,org.eclipse.epp.usagedata.recording,1.3.1.R201102081640,"org.eclipse.epp.usagedata.recording",1319477792980
started,bundle,org.eclipse.equinox.app,1.3.1.R36x_v20100803,"org.eclipse.equinox.app",1319477792980
started,bundle,org.eclipse.equinox.common,3.6.0.v20100503,"org.eclipse.equinox.common",1319477792980
started,bundle,org.eclipse.equinox.ds,1.2.1.R36x_v20100803,"org.eclipse.equinox.ds",1319477792980
started,bundle,org.eclipse.equinox.event,1.2.0.v20100503,"org.eclipse.equinox.event",1319477792980
started,bundle,org.eclipse.equinox.p2.artifact.repository,1.1.1.R36x_v20100901,"org.eclipse.equinox.p2.artifact.repository",1319477792980
started,bundle,org.eclipse.equinox.p2.core,2.0.3.R36x_v20110111,"org.eclipse.equinox.p2.core",1319477792980
started,bundle,org.eclipse.equinox.p2.director,2.0.3.R36x_v20101117-1018,"org.eclipse.equinox.p2.director",1319477792996
started,bundle,org.eclipse.equinox.p2.directorywatcher,1.0.203.R36x_v20101220,"org.eclipse.equinox.p2.directorywatcher",1319477792996
started,bundle,org.eclipse.equinox.p2.engine,2.0.1.R36x_v20110201,"org.eclipse.equinox.p2.engine",1319477792996
started,bundle,org.eclipse.equinox.p2.extensionlocation,1.2.0.v20100518,"org.eclipse.equinox.p2.extensionlocation",1319477792996
started,bundle,org.eclipse.equinox.p2.garbagecollector,1.0.100.v20100503,"org.eclipse.equinox.p2.garbagecollector",1319477792996
started,bundle,org.eclipse.equinox.p2.metadata,2.0.1.R36x_v20101202,"org.eclipse.equinox.p2.metadata",1319477792996
started,bundle,org.eclipse.equinox.p2.metadata.repository,1.1.0.v20100513,"org.eclipse.equinox.p2.metadata.repository",1319477792996
started,bundle,org.eclipse.equinox.p2.operations,2.0.0.v20100510,"org.eclipse.equinox.p2.operations",1319477792996
started,bundle,org.eclipse.equinox.p2.publisher,1.1.2.v20100824-2220,"org.eclipse.equinox.p2.publisher",1319477792996
started,bundle,org.eclipse.equinox.p2.reconciler.dropins,1.1.2.R36x_v20110114,"org.eclipse.equinox.p2.reconciler.dropins",1319477792996
started,bundle,org.eclipse.equinox.p2.repository,2.0.2.R36x_v20110111-1500,"org.eclipse.equinox.p2.repository",1319477792996
started,bundle,org.eclipse.equinox.p2.touchpoint.eclipse,2.0.3.R36x_v20101202,"org.eclipse.equinox.p2.touchpoint.eclipse",1319477792996
started,bundle,org.eclipse.equinox.p2.ui.sdk.scheduler,1.0.0.v20100507-1815,"org.eclipse.equinox.p2.ui.sdk.scheduler",1319477792996
started,bundle,org.eclipse.equinox.p2.updatechecker,1.1.101.R36x_v20100823,"org.eclipse.equinox.p2.updatechecker",1319477792996
started,bundle,org.eclipse.equinox.p2.updatesite,1.0.201.R36x_v20100823,"org.eclipse.equinox.p2.updatesite",1319477792996
started,bundle,org.eclipse.equinox.preferences,3.3.0.v20100503,"org.eclipse.equinox.preferences",1319477792996
started,bundle,org.eclipse.equinox.registry,3.5.0.v20100503,"org.eclipse.equinox.registry",1319477792996
started,bundle,org.eclipse.equinox.security,1.0.200.v20100503,"org.eclipse.equinox.security",1319477792996
started,bundle,org.eclipse.equinox.util,1.0.200.v20100503,"org.eclipse.equinox.util",1319477792996
started,bundle,org.eclipse.help,3.5.0.v20100524,"org.eclipse.help",1319477792996
started,bundle,org.eclipse.jface,3.6.2.M20110210-1200,"org.eclipse.jface",1319477792996
started,bundle,org.eclipse.jsch.core,1.1.200.I20100505-1245,"org.eclipse.jsch.core",1319477792996
started,bundle,org.eclipse.ltk.core.refactoring,3.5.101.r362_v20101117-0800,"org.eclipse.ltk.core.refactoring",1319477792996
started,bundle,org.eclipse.ltk.ui.refactoring,3.5.0.v20100526-0800,"org.eclipse.ltk.ui.refactoring",1319477792996
started,bundle,org.eclipse.mylyn.bugzilla.core,3.4.2.v20100902-0100-e3x,"org.eclipse.mylyn.bugzilla.core",1319477792996
started,bundle,org.eclipse.mylyn.bugzilla.ui,3.4.3.v20110131-0100-e3x,"org.eclipse.mylyn.bugzilla.ui",1319477792996
started,bundle,org.eclipse.mylyn.commons.net,3.4.1.v20100625-2100-e3x,"org.eclipse.mylyn.commons.net",1319477792996
started,bundle,org.eclipse.mylyn.commons.ui,3.4.0.v20100608-0100-e3x,"org.eclipse.mylyn.commons.ui",1319477792996
started,bundle,org.eclipse.mylyn.context.core,3.4.1.v20100909-0100-e3x,"org.eclipse.mylyn.context.core",1319477792996
started,bundle,org.eclipse.mylyn.context.ui,3.4.2.v20110131-0100-e3x,"org.eclipse.mylyn.context.ui",1319477792996
started,bundle,org.eclipse.mylyn.monitor.ui,3.4.1.v20110131-0100-e3x,"org.eclipse.mylyn.monitor.ui",1319477792996
started,bundle,org.eclipse.mylyn.tasks.ui,3.4.3.v20110131-0100-e3x,"org.eclipse.mylyn.tasks.ui",1319477792996
started,bundle,org.eclipse.mylyn.team.ui,3.4.3.v20110131-0100-e3x,"org.eclipse.mylyn.team.ui",1319477792996
started,bundle,org.eclipse.search,3.6.0.v20100520-0800,"org.eclipse.search",1319477792996
started,bundle,org.eclipse.team.core,3.5.101.R36x_v20110203-1036,"org.eclipse.team.core",1319477792996
started,bundle,org.eclipse.team.cvs.core,3.3.301.R36x_v20110119-0815,"org.eclipse.team.cvs.core",1319477792996
started,bundle,org.eclipse.team.cvs.ui,3.3.302.R36x_v20110203-1036,"org.eclipse.team.cvs.ui",1319477792996
started,bundle,org.eclipse.team.ui,3.5.102.R36x_v20110203-1036,"org.eclipse.team.ui",1319477792996
started,bundle,org.eclipse.ui,3.6.2.M20110203-1100,"org.eclipse.ui",1319477792996
started,bundle,org.eclipse.ui.console,3.5.0.v20100526,"org.eclipse.ui.console",1319477792996
started,bundle,org.eclipse.ui.editors,3.6.1.r361_v20100825-0800,"org.eclipse.ui.editors",1319477792996
started,bundle,org.eclipse.ui.forms,3.5.2.r36_v20100702,"org.eclipse.ui.forms",1319477792996
started,bundle,org.eclipse.ui.ide,3.6.2.M20101201-0800,"org.eclipse.ui.ide",1319477792996
started,bundle,org.eclipse.ui.navigator,3.5.0.I20100601-0800,"org.eclipse.ui.navigator",1319477792996
started,bundle,org.eclipse.ui.navigator.resources,3.4.202.M20101124-0800,"org.eclipse.ui.navigator.resources",1319477792996
started,bundle,org.eclipse.ui.net,1.2.100.I20100505-1245,"org.eclipse.ui.net",1319477792996
started,bundle,org.eclipse.ui.views,3.5.1.M20110202-0800,"org.eclipse.ui.views",1319477792996
started,bundle,org.eclipse.ui.workbench,3.6.2.M20110210-1200,"org.eclipse.ui.workbench",1319477792996
started,bundle,org.eclipse.ui.workbench.texteditor,3.6.1.r361_v20100714-0800,"org.eclipse.ui.workbench.texteditor",1319477792996
started,bundle,org.eclipse.update.configurator,3.3.100.v20100512,"org.eclipse.update.configurator",1319477792996
started,bundle,org.eclipse.update.core,3.2.402.R36x_v20100629,"org.eclipse.update.core",1319477792996
started,bundle,org.eclipse.update.scheduler,3.2.300.v20100512,"org.eclipse.update.scheduler",1319477792996
os,sysinfo,,,"win32",1319477792996
arch,sysinfo,,,"x86",1319477792996
ws,sysinfo,,,"win32",1319477792996
locale,sysinfo,,,"en_US",1319477792996
processors,sysinfo,,,"4",1319477792996
java.runtime.name,sysinfo,,,"Java(TM) SE Runtime Environment",1319477792996
java.runtime.version,sysinfo,,,"1.6.0_29-b11",1319477792996
java.specification.name,sysinfo,,,"Java Platform API Specification",1319477792996
java.specification.vendor,sysinfo,,,"Sun Microsystems Inc.",1319477792996
java.specification.version,sysinfo,,,"1.6",1319477792996
java.vendor,sysinfo,,,"Sun Microsystems Inc.",1319477792996
java.version,sysinfo,,,"1.6.0_29",1319477792996
java.vm.info,sysinfo,,,"mixed mode, sharing",1319477792996
java.vm.name,sysinfo,,,"Java HotSpot(TM) Client VM",1319477792996
java.vm.specification.name,sysinfo,,,"Java Virtual Machine Specification",1319477792996
java.vm.specification.vendor,sysinfo,,,"Sun Microsystems Inc.",1319477792996
java.vm.specification.version,sysinfo,,,"1.0",1319477792996
java.vm.vendor,sysinfo,,,"Sun Microsystems Inc.",1319477792996
java.vm.version,sysinfo,,,"20.4-b02",1319477792996
started,bundle,org.eclipse.epp.usagedata.ui,1.3.1.R201102081640,"org.eclipse.epp.usagedata.ui",1319477794010
deactivated,workbench,org.eclipse.ui.workbench,3.6.2.M20110210-1200,"",1319477794275
activated,workbench,org.eclipse.ui.workbench,3.6.2.M20110210-1200,"",1319477796537
activated,view,org.eclipse.ui.navigator.resources,3.4.202.M20101124-0800,"org.eclipse.ui.navigator.ProjectExplorer",1319477822299
started,bundle,org.eclipse.equinox.p2.ui.sdk,1.0.100.v20100513,"org.eclipse.equinox.p2.ui.sdk",1319477917444
started,bundle,org.eclipse.equinox.p2.ui,2.0.0.v20100518,"org.eclipse.equinox.p2.ui",1319477917444
started,bundle,org.eclipse.ecf.filetransfer,4.0.0.v20100906-1425,"org.eclipse.ecf.filetransfer",1319477917475
started,bundle,org.eclipse.ecf.identity,3.1.0.v20100906-1425,"org.eclipse.ecf.identity",1319477917506
started,bundle,org.eclipse.ecf,3.1.0.v20100906-1425,"org.eclipse.ecf",1319477917522
started,bundle,org.eclipse.ecf.provider.filetransfer.httpclient,4.0.0.v20100906-1425,"org.eclipse.ecf.provider.filetransfer.httpclient",1319477917537
started,bundle,org.eclipse.ecf.provider.filetransfer,3.1.0.v20100906-1425,"org.eclipse.ecf.provider.filetransfer",1319477917537
deactivated,workbench,org.eclipse.ui.workbench,3.6.2.M20110210-1200,"",1319477917974
executed,command,org.eclipse.ui,3.6.2.M20110203-1100,"org.eclipse.ui.edit.paste",1319477934448
executed,command,org.eclipse.ui,3.6.2.M20110203-1100,"org.eclipse.ui.edit.paste",1319477935540
executed,command,org.eclipse.ui,3.6.2.M20110203-1100,"org.eclipse.ui.edit.paste",1319477939877
executed,command,org.eclipse.ui,3.6.2.M20110203-1100,"org.eclipse.ui.edit.paste",1319477940672
executed,command,org.eclipse.ui,3.6.2.M20110203-1100,"org.eclipse.ui.edit.paste",1319477949861
executed,command,org.eclipse.ui,3.6.2.M20110203-1100,"org.eclipse.ui.edit.paste",1319477965648
started,bundle,org.eclipse.equinox.frameworkadmin,2.0.0.v20100503,"org.eclipse.equinox.frameworkadmin",1319477977738
started,bundle,org.eclipse.equinox.simpleconfigurator.manipulator,2.0.0.v20100503,"org.eclipse.equinox.simpleconfigurator.manipulator",1319477977738
activated,workbench,org.eclipse.ui.workbench,3.6.2.M20110210-1200,"",1319477993572
executed,command,org.eclipse.equinox.p2.ui.sdk,1.0.100.v20100513,"org.eclipse.equinox.p2.ui.sdk.install",1319477993587
deactivated,workbench,org.eclipse.ui.workbench,3.6.2.M20110210-1200,"",1319477994087
